{
    "rf_health": {
        "mae": 0.1198379494235822,
        "rmse": 0.15918925685449378,
        "r2": 0.6958993446400351
    },
    "rf_rul": {
        "mae": 13.885174771982246,
        "rmse": 19.564054724847164,
        "r2": 0.7779505491174519
    },
    "lstm_rul": {
        "mae": 12.080940246582031,
        "rmse": 16.6287029989634,
        "r2": 0.8418286442756653
    }
}