{
    "rf_health": {
        "mae": 0.12061438871519768,
        "rmse": 0.16075489117658895,
        "r2": 0.6898882391446125
    },
    "rf_rul": {
        "mae": 14.130638545793522,
        "rmse": 19.729585439689288,
        "r2": 0.7741771493367035
    },
    "lstm_rul": {
        "mae": 11.826181411743164,
        "rmse": 16.166664883852725,
        "r2": 0.8504962921142578
    }
}