{
    "rf_health": {
        "mae": 0.12061438871519768,
        "rmse": 0.16075489117658895,
        "r2": 0.6898882391446125
    },
    "rf_rul": {
        "mae": 14.130638545793522,
        "rmse": 19.729585439689288,
        "r2": 0.7741771493367035
    },
    "lstm_rul": {
        "mae": 11.936902046203613,
        "rmse": 15.931834451783116,
        "r2": 0.85480797290802
    }
}